image,mask
MCUCXR_0080_0.png,MCUCXR_0080_0.png
CHNCXR_0151_0.png,CHNCXR_0151_0_mask.png
MCUCXR_0055_0.png,MCUCXR_0055_0.png
CHNCXR_0103_0.png,CHNCXR_0103_0_mask.png
CHNCXR_0054_0.png,CHNCXR_0054_0_mask.png
CHNCXR_0226_0.png,CHNCXR_0226_0_mask.png
MCUCXR_0101_0.png,MCUCXR_0101_0.png
CHNCXR_0225_0.png,CHNCXR_0225_0_mask.png
CHNCXR_0506_1.png,CHNCXR_0506_1_mask.png
CHNCXR_0014_0.png,CHNCXR_0014_0_mask.png
MCUCXR_0182_1.png,MCUCXR_0182_1.png
MCUCXR_0091_0.png,MCUCXR_0091_0.png
CHNCXR_0658_1.png,CHNCXR_0658_1_mask.png
CHNCXR_0380_1.png,CHNCXR_0380_1_mask.png
CHNCXR_0001_0.png,CHNCXR_0001_0_mask.png
MCUCXR_0085_0.png,MCUCXR_0085_0.png
MCUCXR_0196_1.png,MCUCXR_0196_1.png
CHNCXR_0588_1.png,CHNCXR_0588_1_mask.png
CHNCXR_0061_0.png,CHNCXR_0061_0_mask.png
CHNCXR_0139_0.png,CHNCXR_0139_0_mask.png
CHNCXR_0528_1.png,CHNCXR_0528_1_mask.png
CHNCXR_0261_0.png,CHNCXR_0261_0_mask.png
MCUCXR_0092_0.png,MCUCXR_0092_0.png
CHNCXR_0163_0.png,CHNCXR_0163_0_mask.png
CHNCXR_0062_0.png,CHNCXR_0062_0_mask.png
MCUCXR_0089_0.png,MCUCXR_0089_0.png
CHNCXR_0618_1.png,CHNCXR_0618_1_mask.png
CHNCXR_0050_0.png,CHNCXR_0050_0_mask.png
CHNCXR_0601_1.png,CHNCXR_0601_1_mask.png
CHNCXR_0249_0.png,CHNCXR_0249_0_mask.png
CHNCXR_0462_1.png,CHNCXR_0462_1_mask.png
CHNCXR_0231_0.png,CHNCXR_0231_0_mask.png
MCUCXR_0194_1.png,MCUCXR_0194_1.png
CHNCXR_0389_1.png,CHNCXR_0389_1_mask.png
CHNCXR_0659_1.png,CHNCXR_0659_1_mask.png
MCUCXR_0316_1.png,MCUCXR_0316_1.png
CHNCXR_0303_0.png,CHNCXR_0303_0_mask.png
CHNCXR_0537_1.png,CHNCXR_0537_1_mask.png
CHNCXR_0449_1.png,CHNCXR_0449_1_mask.png
CHNCXR_0419_1.png,CHNCXR_0419_1_mask.png
CHNCXR_0268_0.png,CHNCXR_0268_0_mask.png
MCUCXR_0144_1.png,MCUCXR_0144_1.png
MCUCXR_0228_1.png,MCUCXR_0228_1.png
CHNCXR_0086_0.png,CHNCXR_0086_0_mask.png
MCUCXR_0369_1.png,MCUCXR_0369_1.png
CHNCXR_0569_1.png,CHNCXR_0569_1_mask.png
MCUCXR_0060_0.png,MCUCXR_0060_0.png
MCUCXR_0064_0.png,MCUCXR_0064_0.png
CHNCXR_0140_0.png,CHNCXR_0140_0_mask.png
CHNCXR_0120_0.png,CHNCXR_0120_0_mask.png
CHNCXR_0368_1.png,CHNCXR_0368_1_mask.png
CHNCXR_0294_0.png,CHNCXR_0294_0_mask.png
CHNCXR_0288_0.png,CHNCXR_0288_0_mask.png
CHNCXR_0320_0.png,CHNCXR_0320_0_mask.png
CHNCXR_0453_1.png,CHNCXR_0453_1_mask.png
CHNCXR_0655_1.png,CHNCXR_0655_1_mask.png
CHNCXR_0387_1.png,CHNCXR_0387_1_mask.png
CHNCXR_0411_1.png,CHNCXR_0411_1_mask.png
CHNCXR_0645_1.png,CHNCXR_0645_1_mask.png
CHNCXR_0013_0.png,CHNCXR_0013_0_mask.png
CHNCXR_0156_0.png,CHNCXR_0156_0_mask.png
CHNCXR_0325_0.png,CHNCXR_0325_0_mask.png
CHNCXR_0053_0.png,CHNCXR_0053_0_mask.png
CHNCXR_0631_1.png,CHNCXR_0631_1_mask.png
CHNCXR_0098_0.png,CHNCXR_0098_0_mask.png
MCUCXR_0100_0.png,MCUCXR_0100_0.png
CHNCXR_0386_1.png,CHNCXR_0386_1_mask.png
CHNCXR_0135_0.png,CHNCXR_0135_0_mask.png
CHNCXR_0364_1.png,CHNCXR_0364_1_mask.png
CHNCXR_0121_0.png,CHNCXR_0121_0_mask.png
CHNCXR_0455_1.png,CHNCXR_0455_1_mask.png
CHNCXR_0592_1.png,CHNCXR_0592_1_mask.png
MCUCXR_0102_0.png,MCUCXR_0102_0.png
MCUCXR_0258_1.png,MCUCXR_0258_1.png
CHNCXR_0253_0.png,CHNCXR_0253_0_mask.png
CHNCXR_0279_0.png,CHNCXR_0279_0_mask.png
CHNCXR_0623_1.png,CHNCXR_0623_1_mask.png
CHNCXR_0108_0.png,CHNCXR_0108_0_mask.png
CHNCXR_0478_1.png,CHNCXR_0478_1_mask.png
CHNCXR_0600_1.png,CHNCXR_0600_1_mask.png
CHNCXR_0246_0.png,CHNCXR_0246_0_mask.png
CHNCXR_0280_0.png,CHNCXR_0280_0_mask.png
MCUCXR_0079_0.png,MCUCXR_0079_0.png
MCUCXR_0077_0.png,MCUCXR_0077_0.png
CHNCXR_0056_0.png,CHNCXR_0056_0_mask.png
CHNCXR_0035_0.png,CHNCXR_0035_0_mask.png
CHNCXR_0581_1.png,CHNCXR_0581_1_mask.png
CHNCXR_0607_1.png,CHNCXR_0607_1_mask.png
CHNCXR_0269_0.png,CHNCXR_0269_0_mask.png
MCUCXR_0008_0.png,MCUCXR_0008_0.png
CHNCXR_0029_0.png,CHNCXR_0029_0_mask.png
CHNCXR_0306_0.png,CHNCXR_0306_0_mask.png
CHNCXR_0546_1.png,CHNCXR_0546_1_mask.png
CHNCXR_0464_1.png,CHNCXR_0464_1_mask.png
CHNCXR_0436_1.png,CHNCXR_0436_1_mask.png
MCUCXR_0313_1.png,MCUCXR_0313_1.png
CHNCXR_0290_0.png,CHNCXR_0290_0_mask.png
CHNCXR_0662_1.png,CHNCXR_0662_1_mask.png
CHNCXR_0634_1.png,CHNCXR_0634_1_mask.png
CHNCXR_0110_0.png,CHNCXR_0110_0_mask.png
CHNCXR_0312_0.png,CHNCXR_0312_0_mask.png
CHNCXR_0543_1.png,CHNCXR_0543_1_mask.png
CHNCXR_0632_1.png,CHNCXR_0632_1_mask.png
CHNCXR_0476_1.png,CHNCXR_0476_1_mask.png
CHNCXR_0281_0.png,CHNCXR_0281_0_mask.png
CHNCXR_0429_1.png,CHNCXR_0429_1_mask.png
CHNCXR_0520_1.png,CHNCXR_0520_1_mask.png
CHNCXR_0610_1.png,CHNCXR_0610_1_mask.png
CHNCXR_0613_1.png,CHNCXR_0613_1_mask.png
CHNCXR_0262_0.png,CHNCXR_0262_0_mask.png
CHNCXR_0287_0.png,CHNCXR_0287_0_mask.png
CHNCXR_0378_1.png,CHNCXR_0378_1_mask.png
MCUCXR_0053_0.png,MCUCXR_0053_0.png
MCUCXR_0046_0.png,MCUCXR_0046_0.png
CHNCXR_0333_1.png,CHNCXR_0333_1_mask.png
CHNCXR_0471_1.png,CHNCXR_0471_1_mask.png
CHNCXR_0408_1.png,CHNCXR_0408_1_mask.png
CHNCXR_0164_0.png,CHNCXR_0164_0_mask.png
MCUCXR_0095_0.png,MCUCXR_0095_0.png
CHNCXR_0382_1.png,CHNCXR_0382_1_mask.png
CHNCXR_0031_0.png,CHNCXR_0031_0_mask.png
CHNCXR_0614_1.png,CHNCXR_0614_1_mask.png
MCUCXR_0087_0.png,MCUCXR_0087_0.png
CHNCXR_0437_1.png,CHNCXR_0437_1_mask.png
MCUCXR_0097_0.png,MCUCXR_0097_0.png
MCUCXR_0301_1.png,MCUCXR_0301_1.png
MCUCXR_0023_0.png,MCUCXR_0023_0.png
CHNCXR_0307_0.png,CHNCXR_0307_0_mask.png
CHNCXR_0264_0.png,CHNCXR_0264_0_mask.png
CHNCXR_0372_1.png,CHNCXR_0372_1_mask.png
CHNCXR_0466_1.png,CHNCXR_0466_1_mask.png
CHNCXR_0371_1.png,CHNCXR_0371_1_mask.png
CHNCXR_0635_1.png,CHNCXR_0635_1_mask.png
CHNCXR_0406_1.png,CHNCXR_0406_1_mask.png
CHNCXR_0639_1.png,CHNCXR_0639_1_mask.png
CHNCXR_0227_0.png,CHNCXR_0227_0_mask.png
CHNCXR_0524_1.png,CHNCXR_0524_1_mask.png
CHNCXR_0255_0.png,CHNCXR_0255_0_mask.png
CHNCXR_0147_0.png,CHNCXR_0147_0_mask.png
CHNCXR_0403_1.png,CHNCXR_0403_1_mask.png
CHNCXR_0443_1.png,CHNCXR_0443_1_mask.png
CHNCXR_0239_0.png,CHNCXR_0239_0_mask.png
CHNCXR_0594_1.png,CHNCXR_0594_1_mask.png
CHNCXR_0314_0.png,CHNCXR_0314_0_mask.png
CHNCXR_0010_0.png,CHNCXR_0010_0_mask.png
CHNCXR_0161_0.png,CHNCXR_0161_0_mask.png
MCUCXR_0013_0.png,MCUCXR_0013_0.png
CHNCXR_0404_1.png,CHNCXR_0404_1_mask.png
CHNCXR_0009_0.png,CHNCXR_0009_0_mask.png
MCUCXR_0223_1.png,MCUCXR_0223_1.png
CHNCXR_0508_1.png,CHNCXR_0508_1_mask.png
CHNCXR_0090_0.png,CHNCXR_0090_0_mask.png
CHNCXR_0122_0.png,CHNCXR_0122_0_mask.png
CHNCXR_0324_0.png,CHNCXR_0324_0_mask.png
CHNCXR_0367_1.png,CHNCXR_0367_1_mask.png
CHNCXR_0099_0.png,CHNCXR_0099_0_mask.png
CHNCXR_0654_1.png,CHNCXR_0654_1_mask.png
CHNCXR_0480_1.png,CHNCXR_0480_1_mask.png
MCUCXR_0028_0.png,MCUCXR_0028_0.png
CHNCXR_0326_0.png,CHNCXR_0326_0_mask.png
CHNCXR_0171_0.png,CHNCXR_0171_0_mask.png
CHNCXR_0265_0.png,CHNCXR_0265_0_mask.png
MCUCXR_0140_1.png,MCUCXR_0140_1.png
CHNCXR_0323_0.png,CHNCXR_0323_0_mask.png
CHNCXR_0657_1.png,CHNCXR_0657_1_mask.png
CHNCXR_0234_0.png,CHNCXR_0234_0_mask.png
CHNCXR_0551_1.png,CHNCXR_0551_1_mask.png
CHNCXR_0169_0.png,CHNCXR_0169_0_mask.png
CHNCXR_0460_1.png,CHNCXR_0460_1_mask.png
MCUCXR_0142_1.png,MCUCXR_0142_1.png
CHNCXR_0104_0.png,CHNCXR_0104_0_mask.png
CHNCXR_0094_0.png,CHNCXR_0094_0_mask.png
CHNCXR_0244_0.png,CHNCXR_0244_0_mask.png
CHNCXR_0003_0.png,CHNCXR_0003_0_mask.png
MCUCXR_0020_0.png,MCUCXR_0020_0.png
CHNCXR_0263_0.png,CHNCXR_0263_0_mask.png
CHNCXR_0509_1.png,CHNCXR_0509_1_mask.png
CHNCXR_0549_1.png,CHNCXR_0549_1_mask.png
CHNCXR_0285_0.png,CHNCXR_0285_0_mask.png
CHNCXR_0444_1.png,CHNCXR_0444_1_mask.png
CHNCXR_0136_0.png,CHNCXR_0136_0_mask.png
CHNCXR_0510_1.png,CHNCXR_0510_1_mask.png
MCUCXR_0017_0.png,MCUCXR_0017_0.png
CHNCXR_0542_1.png,CHNCXR_0542_1_mask.png
CHNCXR_0048_0.png,CHNCXR_0048_0_mask.png
CHNCXR_0230_0.png,CHNCXR_0230_0_mask.png
MCUCXR_0054_0.png,MCUCXR_0054_0.png
CHNCXR_0584_1.png,CHNCXR_0584_1_mask.png
CHNCXR_0576_1.png,CHNCXR_0576_1_mask.png
CHNCXR_0007_0.png,CHNCXR_0007_0_mask.png
CHNCXR_0475_1.png,CHNCXR_0475_1_mask.png
CHNCXR_0636_1.png,CHNCXR_0636_1_mask.png
MCUCXR_0026_0.png,MCUCXR_0026_0.png
CHNCXR_0579_1.png,CHNCXR_0579_1_mask.png
CHNCXR_0079_0.png,CHNCXR_0079_0_mask.png
CHNCXR_0396_1.png,CHNCXR_0396_1_mask.png
CHNCXR_0028_0.png,CHNCXR_0028_0_mask.png
CHNCXR_0021_0.png,CHNCXR_0021_0_mask.png
CHNCXR_0362_1.png,CHNCXR_0362_1_mask.png
CHNCXR_0166_0.png,CHNCXR_0166_0_mask.png
CHNCXR_0152_0.png,CHNCXR_0152_0_mask.png
MCUCXR_0309_1.png,MCUCXR_0309_1.png
CHNCXR_0068_0.png,CHNCXR_0068_0_mask.png
CHNCXR_0045_0.png,CHNCXR_0045_0_mask.png
CHNCXR_0251_0.png,CHNCXR_0251_0_mask.png
MCUCXR_0348_1.png,MCUCXR_0348_1.png
CHNCXR_0366_1.png,CHNCXR_0366_1_mask.png
CHNCXR_0422_1.png,CHNCXR_0422_1_mask.png
CHNCXR_0273_0.png,CHNCXR_0273_0_mask.png
CHNCXR_0388_1.png,CHNCXR_0388_1_mask.png
CHNCXR_0250_0.png,CHNCXR_0250_0_mask.png
CHNCXR_0097_0.png,CHNCXR_0097_0_mask.png
CHNCXR_0128_0.png,CHNCXR_0128_0_mask.png
CHNCXR_0454_1.png,CHNCXR_0454_1_mask.png
CHNCXR_0328_1.png,CHNCXR_0328_1_mask.png
CHNCXR_0598_1.png,CHNCXR_0598_1_mask.png
CHNCXR_0101_0.png,CHNCXR_0101_0_mask.png
CHNCXR_0536_1.png,CHNCXR_0536_1_mask.png
CHNCXR_0653_1.png,CHNCXR_0653_1_mask.png
CHNCXR_0574_1.png,CHNCXR_0574_1_mask.png
CHNCXR_0627_1.png,CHNCXR_0627_1_mask.png
MCUCXR_0043_0.png,MCUCXR_0043_0.png
CHNCXR_0245_0.png,CHNCXR_0245_0_mask.png
MCUCXR_0048_0.png,MCUCXR_0048_0.png
MCUCXR_0019_0.png,MCUCXR_0019_0.png
MCUCXR_0005_0.png,MCUCXR_0005_0.png
MCUCXR_0243_1.png,MCUCXR_0243_1.png
CHNCXR_0531_1.png,CHNCXR_0531_1_mask.png
CHNCXR_0365_1.png,CHNCXR_0365_1_mask.png
CHNCXR_0235_0.png,CHNCXR_0235_0_mask.png
CHNCXR_0026_0.png,CHNCXR_0026_0_mask.png
CHNCXR_0315_0.png,CHNCXR_0315_0_mask.png
MCUCXR_0251_1.png,MCUCXR_0251_1.png
CHNCXR_0106_0.png,CHNCXR_0106_0_mask.png
CHNCXR_0042_0.png,CHNCXR_0042_0_mask.png
CHNCXR_0305_0.png,CHNCXR_0305_0_mask.png
CHNCXR_0240_0.png,CHNCXR_0240_0_mask.png
CHNCXR_0624_1.png,CHNCXR_0624_1_mask.png
CHNCXR_0415_1.png,CHNCXR_0415_1_mask.png
CHNCXR_0656_1.png,CHNCXR_0656_1_mask.png
MCUCXR_0086_0.png,MCUCXR_0086_0.png
CHNCXR_0526_1.png,CHNCXR_0526_1_mask.png
CHNCXR_0006_0.png,CHNCXR_0006_0_mask.png
CHNCXR_0595_1.png,CHNCXR_0595_1_mask.png
MCUCXR_0203_1.png,MCUCXR_0203_1.png
CHNCXR_0118_0.png,CHNCXR_0118_0_mask.png
MCUCXR_0021_0.png,MCUCXR_0021_0.png
CHNCXR_0238_0.png,CHNCXR_0238_0_mask.png
CHNCXR_0146_0.png,CHNCXR_0146_0_mask.png
CHNCXR_0017_0.png,CHNCXR_0017_0_mask.png
CHNCXR_0084_0.png,CHNCXR_0084_0_mask.png
CHNCXR_0525_1.png,CHNCXR_0525_1_mask.png
MCUCXR_0350_1.png,MCUCXR_0350_1.png
CHNCXR_0057_0.png,CHNCXR_0057_0_mask.png
CHNCXR_0445_1.png,CHNCXR_0445_1_mask.png
CHNCXR_0604_1.png,CHNCXR_0604_1_mask.png
CHNCXR_0221_0.png,CHNCXR_0221_0_mask.png
CHNCXR_0091_0.png,CHNCXR_0091_0_mask.png
MCUCXR_0103_0.png,MCUCXR_0103_0.png
CHNCXR_0619_1.png,CHNCXR_0619_1_mask.png
CHNCXR_0125_0.png,CHNCXR_0125_0_mask.png
CHNCXR_0119_0.png,CHNCXR_0119_0_mask.png
MCUCXR_0113_1.png,MCUCXR_0113_1.png
CHNCXR_0512_1.png,CHNCXR_0512_1_mask.png
CHNCXR_0477_1.png,CHNCXR_0477_1_mask.png
MCUCXR_0162_1.png,MCUCXR_0162_1.png
CHNCXR_0248_0.png,CHNCXR_0248_0_mask.png
CHNCXR_0633_1.png,CHNCXR_0633_1_mask.png
CHNCXR_0296_0.png,CHNCXR_0296_0_mask.png
CHNCXR_0566_1.png,CHNCXR_0566_1_mask.png
MCUCXR_0052_0.png,MCUCXR_0052_0.png
CHNCXR_0313_0.png,CHNCXR_0313_0_mask.png
MCUCXR_0311_1.png,MCUCXR_0311_1.png
CHNCXR_0650_1.png,CHNCXR_0650_1_mask.png
MCUCXR_0094_0.png,MCUCXR_0094_0.png
CHNCXR_0421_1.png,CHNCXR_0421_1_mask.png
CHNCXR_0176_0.png,CHNCXR_0176_0_mask.png
CHNCXR_0393_1.png,CHNCXR_0393_1_mask.png
CHNCXR_0458_1.png,CHNCXR_0458_1_mask.png
CHNCXR_0331_1.png,CHNCXR_0331_1_mask.png
MCUCXR_0294_1.png,MCUCXR_0294_1.png
MCUCXR_0104_1.png,MCUCXR_0104_1.png
CHNCXR_0554_1.png,CHNCXR_0554_1_mask.png
CHNCXR_0075_0.png,CHNCXR_0075_0_mask.png
CHNCXR_0571_1.png,CHNCXR_0571_1_mask.png
CHNCXR_0638_1.png,CHNCXR_0638_1_mask.png
CHNCXR_0126_0.png,CHNCXR_0126_0_mask.png
MCUCXR_0354_1.png,MCUCXR_0354_1.png
CHNCXR_0603_1.png,CHNCXR_0603_1_mask.png
CHNCXR_0237_0.png,CHNCXR_0237_0_mask.png
CHNCXR_0015_0.png,CHNCXR_0015_0_mask.png
CHNCXR_0301_0.png,CHNCXR_0301_0_mask.png
CHNCXR_0180_0.png,CHNCXR_0180_0_mask.png
CHNCXR_0085_0.png,CHNCXR_0085_0_mask.png
CHNCXR_0518_1.png,CHNCXR_0518_1_mask.png
CHNCXR_0434_1.png,CHNCXR_0434_1_mask.png
CHNCXR_0233_0.png,CHNCXR_0233_0_mask.png
CHNCXR_0074_0.png,CHNCXR_0074_0_mask.png
CHNCXR_0521_1.png,CHNCXR_0521_1_mask.png
CHNCXR_0432_1.png,CHNCXR_0432_1_mask.png
CHNCXR_0612_1.png,CHNCXR_0612_1_mask.png
CHNCXR_0649_1.png,CHNCXR_0649_1_mask.png
MCUCXR_0072_0.png,MCUCXR_0072_0.png
CHNCXR_0339_1.png,CHNCXR_0339_1_mask.png
CHNCXR_0652_1.png,CHNCXR_0652_1_mask.png
CHNCXR_0318_0.png,CHNCXR_0318_0_mask.png
CHNCXR_0093_0.png,CHNCXR_0093_0_mask.png
CHNCXR_0440_1.png,CHNCXR_0440_1_mask.png
CHNCXR_0450_1.png,CHNCXR_0450_1_mask.png
CHNCXR_0573_1.png,CHNCXR_0573_1_mask.png
CHNCXR_0467_1.png,CHNCXR_0467_1_mask.png
CHNCXR_0162_0.png,CHNCXR_0162_0_mask.png
CHNCXR_0329_1.png,CHNCXR_0329_1_mask.png
CHNCXR_0661_1.png,CHNCXR_0661_1_mask.png
CHNCXR_0626_1.png,CHNCXR_0626_1_mask.png
CHNCXR_0516_1.png,CHNCXR_0516_1_mask.png
MCUCXR_0049_0.png,MCUCXR_0049_0.png
CHNCXR_0005_0.png,CHNCXR_0005_0_mask.png
CHNCXR_0043_0.png,CHNCXR_0043_0_mask.png
CHNCXR_0529_1.png,CHNCXR_0529_1_mask.png
CHNCXR_0533_1.png,CHNCXR_0533_1_mask.png
CHNCXR_0284_0.png,CHNCXR_0284_0_mask.png
CHNCXR_0583_1.png,CHNCXR_0583_1_mask.png
CHNCXR_0022_0.png,CHNCXR_0022_0_mask.png
MCUCXR_0056_0.png,MCUCXR_0056_0.png
CHNCXR_0153_0.png,CHNCXR_0153_0_mask.png
CHNCXR_0175_0.png,CHNCXR_0175_0_mask.png
CHNCXR_0310_0.png,CHNCXR_0310_0_mask.png
CHNCXR_0299_0.png,CHNCXR_0299_0_mask.png
CHNCXR_0096_0.png,CHNCXR_0096_0_mask.png
CHNCXR_0224_0.png,CHNCXR_0224_0_mask.png
MCUCXR_0051_0.png,MCUCXR_0051_0.png
CHNCXR_0611_1.png,CHNCXR_0611_1_mask.png
CHNCXR_0049_0.png,CHNCXR_0049_0_mask.png
CHNCXR_0023_0.png,CHNCXR_0023_0_mask.png
CHNCXR_0222_0.png,CHNCXR_0222_0_mask.png
CHNCXR_0369_1.png,CHNCXR_0369_1_mask.png
CHNCXR_0282_0.png,CHNCXR_0282_0_mask.png
MCUCXR_0117_1.png,MCUCXR_0117_1.png
CHNCXR_0047_0.png,CHNCXR_0047_0_mask.png
MCUCXR_0022_0.png,MCUCXR_0022_0.png
CHNCXR_0105_0.png,CHNCXR_0105_0_mask.png
MCUCXR_0399_1.png,MCUCXR_0399_1.png
CHNCXR_0033_0.png,CHNCXR_0033_0_mask.png
CHNCXR_0479_1.png,CHNCXR_0479_1_mask.png
CHNCXR_0392_1.png,CHNCXR_0392_1_mask.png
CHNCXR_0395_1.png,CHNCXR_0395_1_mask.png
CHNCXR_0173_0.png,CHNCXR_0173_0_mask.png
CHNCXR_0439_1.png,CHNCXR_0439_1_mask.png
CHNCXR_0024_0.png,CHNCXR_0024_0_mask.png
MCUCXR_0030_0.png,MCUCXR_0030_0.png
CHNCXR_0124_0.png,CHNCXR_0124_0_mask.png
CHNCXR_0548_1.png,CHNCXR_0548_1_mask.png
CHNCXR_0143_0.png,CHNCXR_0143_0_mask.png
CHNCXR_0409_1.png,CHNCXR_0409_1_mask.png
CHNCXR_0340_1.png,CHNCXR_0340_1_mask.png
CHNCXR_0381_1.png,CHNCXR_0381_1_mask.png
CHNCXR_0620_1.png,CHNCXR_0620_1_mask.png
CHNCXR_0465_1.png,CHNCXR_0465_1_mask.png
MCUCXR_0188_1.png,MCUCXR_0188_1.png
CHNCXR_0384_1.png,CHNCXR_0384_1_mask.png
CHNCXR_0289_0.png,CHNCXR_0289_0_mask.png
MCUCXR_0061_0.png,MCUCXR_0061_0.png
CHNCXR_0644_1.png,CHNCXR_0644_1_mask.png
CHNCXR_0646_1.png,CHNCXR_0646_1_mask.png
CHNCXR_0242_0.png,CHNCXR_0242_0_mask.png
MCUCXR_0082_0.png,MCUCXR_0082_0.png
CHNCXR_0648_1.png,CHNCXR_0648_1_mask.png
MCUCXR_0108_1.png,MCUCXR_0108_1.png
MCUCXR_0059_0.png,MCUCXR_0059_0.png
CHNCXR_0373_1.png,CHNCXR_0373_1_mask.png
CHNCXR_0587_1.png,CHNCXR_0587_1_mask.png
CHNCXR_0144_0.png,CHNCXR_0144_0_mask.png
CHNCXR_0577_1.png,CHNCXR_0577_1_mask.png
CHNCXR_0641_1.png,CHNCXR_0641_1_mask.png
CHNCXR_0609_1.png,CHNCXR_0609_1_mask.png
MCUCXR_0218_1.png,MCUCXR_0218_1.png
CHNCXR_0597_1.png,CHNCXR_0597_1_mask.png
CHNCXR_0538_1.png,CHNCXR_0538_1_mask.png
CHNCXR_0137_0.png,CHNCXR_0137_0_mask.png
CHNCXR_0430_1.png,CHNCXR_0430_1_mask.png
MCUCXR_0068_0.png,MCUCXR_0068_0.png
CHNCXR_0374_1.png,CHNCXR_0374_1_mask.png
CHNCXR_0605_1.png,CHNCXR_0605_1_mask.png
CHNCXR_0630_1.png,CHNCXR_0630_1_mask.png
CHNCXR_0575_1.png,CHNCXR_0575_1_mask.png
CHNCXR_0309_0.png,CHNCXR_0309_0_mask.png
CHNCXR_0304_0.png,CHNCXR_0304_0_mask.png
CHNCXR_0642_1.png,CHNCXR_0642_1_mask.png
CHNCXR_0570_1.png,CHNCXR_0570_1_mask.png
CHNCXR_0032_0.png,CHNCXR_0032_0_mask.png
CHNCXR_0257_0.png,CHNCXR_0257_0_mask.png
CHNCXR_0298_0.png,CHNCXR_0298_0_mask.png
CHNCXR_0159_0.png,CHNCXR_0159_0_mask.png
CHNCXR_0390_1.png,CHNCXR_0390_1_mask.png
CHNCXR_0550_1.png,CHNCXR_0550_1_mask.png
MCUCXR_0383_1.png,MCUCXR_0383_1.png
CHNCXR_0591_1.png,CHNCXR_0591_1_mask.png
MCUCXR_0024_0.png,MCUCXR_0024_0.png
CHNCXR_0286_0.png,CHNCXR_0286_0_mask.png
MCUCXR_0070_0.png,MCUCXR_0070_0.png
CHNCXR_0027_0.png,CHNCXR_0027_0_mask.png
MCUCXR_0393_1.png,MCUCXR_0393_1.png
CHNCXR_0617_1.png,CHNCXR_0617_1_mask.png
CHNCXR_0295_0.png,CHNCXR_0295_0_mask.png
CHNCXR_0452_1.png,CHNCXR_0452_1_mask.png
CHNCXR_0138_0.png,CHNCXR_0138_0_mask.png
CHNCXR_0256_0.png,CHNCXR_0256_0_mask.png
MCUCXR_0040_0.png,MCUCXR_0040_0.png
CHNCXR_0018_0.png,CHNCXR_0018_0_mask.png
CHNCXR_0145_0.png,CHNCXR_0145_0_mask.png
CHNCXR_0545_1.png,CHNCXR_0545_1_mask.png
CHNCXR_0596_1.png,CHNCXR_0596_1_mask.png
CHNCXR_0547_1.png,CHNCXR_0547_1_mask.png
CHNCXR_0129_0.png,CHNCXR_0129_0_mask.png
CHNCXR_0115_0.png,CHNCXR_0115_0_mask.png
CHNCXR_0095_0.png,CHNCXR_0095_0_mask.png
MCUCXR_0352_1.png,MCUCXR_0352_1.png
CHNCXR_0361_1.png,CHNCXR_0361_1_mask.png
MCUCXR_0099_0.png,MCUCXR_0099_0.png
CHNCXR_0511_1.png,CHNCXR_0511_1_mask.png
CHNCXR_0292_0.png,CHNCXR_0292_0_mask.png
MCUCXR_0004_0.png,MCUCXR_0004_0.png
CHNCXR_0385_1.png,CHNCXR_0385_1_mask.png
CHNCXR_0412_1.png,CHNCXR_0412_1_mask.png
CHNCXR_0602_1.png,CHNCXR_0602_1_mask.png
MCUCXR_0047_0.png,MCUCXR_0047_0.png
CHNCXR_0426_1.png,CHNCXR_0426_1_mask.png
MCUCXR_0027_0.png,MCUCXR_0027_0.png
CHNCXR_0558_1.png,CHNCXR_0558_1_mask.png
CHNCXR_0517_1.png,CHNCXR_0517_1_mask.png
CHNCXR_0168_0.png,CHNCXR_0168_0_mask.png
CHNCXR_0297_0.png,CHNCXR_0297_0_mask.png
CHNCXR_0407_1.png,CHNCXR_0407_1_mask.png
CHNCXR_0254_0.png,CHNCXR_0254_0_mask.png
CHNCXR_0507_1.png,CHNCXR_0507_1_mask.png
CHNCXR_0321_0.png,CHNCXR_0321_0_mask.png
CHNCXR_0414_1.png,CHNCXR_0414_1_mask.png
CHNCXR_0072_0.png,CHNCXR_0072_0_mask.png
MCUCXR_0062_0.png,MCUCXR_0062_0.png
MCUCXR_0275_1.png,MCUCXR_0275_1.png
CHNCXR_0008_0.png,CHNCXR_0008_0_mask.png
CHNCXR_0459_1.png,CHNCXR_0459_1_mask.png
MCUCXR_0063_0.png,MCUCXR_0063_0.png
CHNCXR_0167_0.png,CHNCXR_0167_0_mask.png
CHNCXR_0066_0.png,CHNCXR_0066_0_mask.png
MCUCXR_0367_1.png,MCUCXR_0367_1.png
CHNCXR_0451_1.png,CHNCXR_0451_1_mask.png
CHNCXR_0438_1.png,CHNCXR_0438_1_mask.png
CHNCXR_0530_1.png,CHNCXR_0530_1_mask.png
MCUCXR_0071_0.png,MCUCXR_0071_0.png
MCUCXR_0141_1.png,MCUCXR_0141_1.png
MCUCXR_0031_0.png,MCUCXR_0031_0.png
CHNCXR_0519_1.png,CHNCXR_0519_1_mask.png
CHNCXR_0179_0.png,CHNCXR_0179_0_mask.png
CHNCXR_0077_0.png,CHNCXR_0077_0_mask.png
CHNCXR_0241_0.png,CHNCXR_0241_0_mask.png
CHNCXR_0539_1.png,CHNCXR_0539_1_mask.png
MCUCXR_0001_0.png,MCUCXR_0001_0.png
CHNCXR_0456_1.png,CHNCXR_0456_1_mask.png
CHNCXR_0088_0.png,CHNCXR_0088_0_mask.png
CHNCXR_0107_0.png,CHNCXR_0107_0_mask.png
MCUCXR_0029_0.png,MCUCXR_0029_0.png
MCUCXR_0045_0.png,MCUCXR_0045_0.png
CHNCXR_0276_0.png,CHNCXR_0276_0_mask.png
CHNCXR_0397_1.png,CHNCXR_0397_1_mask.png
CHNCXR_0448_1.png,CHNCXR_0448_1_mask.png
CHNCXR_0555_1.png,CHNCXR_0555_1_mask.png
MCUCXR_0282_1.png,MCUCXR_0282_1.png
CHNCXR_0428_1.png,CHNCXR_0428_1_mask.png
MCUCXR_0289_1.png,MCUCXR_0289_1.png
MCUCXR_0390_1.png,MCUCXR_0390_1.png
CHNCXR_0087_0.png,CHNCXR_0087_0_mask.png
CHNCXR_0252_0.png,CHNCXR_0252_0_mask.png
CHNCXR_0102_0.png,CHNCXR_0102_0_mask.png
MCUCXR_0338_1.png,MCUCXR_0338_1.png
CHNCXR_0457_1.png,CHNCXR_0457_1_mask.png
CHNCXR_0034_0.png,CHNCXR_0034_0_mask.png
CHNCXR_0334_1.png,CHNCXR_0334_1_mask.png
CHNCXR_0553_1.png,CHNCXR_0553_1_mask.png
CHNCXR_0401_1.png,CHNCXR_0401_1_mask.png
CHNCXR_0089_0.png,CHNCXR_0089_0_mask.png
CHNCXR_0319_0.png,CHNCXR_0319_0_mask.png
CHNCXR_0423_1.png,CHNCXR_0423_1_mask.png
CHNCXR_0081_0.png,CHNCXR_0081_0_mask.png
CHNCXR_0092_0.png,CHNCXR_0092_0_mask.png
CHNCXR_0377_1.png,CHNCXR_0377_1_mask.png
CHNCXR_0405_1.png,CHNCXR_0405_1_mask.png
CHNCXR_0116_0.png,CHNCXR_0116_0_mask.png
MCUCXR_0038_0.png,MCUCXR_0038_0.png
CHNCXR_0266_0.png,CHNCXR_0266_0_mask.png
CHNCXR_0556_1.png,CHNCXR_0556_1_mask.png
CHNCXR_0433_1.png,CHNCXR_0433_1_mask.png
CHNCXR_0461_1.png,CHNCXR_0461_1_mask.png
CHNCXR_0082_0.png,CHNCXR_0082_0_mask.png
CHNCXR_0073_0.png,CHNCXR_0073_0_mask.png
CHNCXR_0127_0.png,CHNCXR_0127_0_mask.png
CHNCXR_0267_0.png,CHNCXR_0267_0_mask.png
CHNCXR_0002_0.png,CHNCXR_0002_0_mask.png
CHNCXR_0154_0.png,CHNCXR_0154_0_mask.png
CHNCXR_0400_1.png,CHNCXR_0400_1_mask.png
MCUCXR_0002_0.png,MCUCXR_0002_0.png
CHNCXR_0291_0.png,CHNCXR_0291_0_mask.png
CHNCXR_0522_1.png,CHNCXR_0522_1_mask.png
CHNCXR_0011_0.png,CHNCXR_0011_0_mask.png
CHNCXR_0158_0.png,CHNCXR_0158_0_mask.png
CHNCXR_0177_0.png,CHNCXR_0177_0_mask.png
CHNCXR_0160_0.png,CHNCXR_0160_0_mask.png
CHNCXR_0223_0.png,CHNCXR_0223_0_mask.png
CHNCXR_0582_1.png,CHNCXR_0582_1_mask.png
CHNCXR_0283_0.png,CHNCXR_0283_0_mask.png
CHNCXR_0330_1.png,CHNCXR_0330_1_mask.png
CHNCXR_0580_1.png,CHNCXR_0580_1_mask.png
CHNCXR_0076_0.png,CHNCXR_0076_0_mask.png
CHNCXR_0149_0.png,CHNCXR_0149_0_mask.png
CHNCXR_0247_0.png,CHNCXR_0247_0_mask.png
CHNCXR_0232_0.png,CHNCXR_0232_0_mask.png
MCUCXR_0126_1.png,MCUCXR_0126_1.png
MCUCXR_0074_0.png,MCUCXR_0074_0.png
CHNCXR_0379_1.png,CHNCXR_0379_1_mask.png
CHNCXR_0311_0.png,CHNCXR_0311_0_mask.png
CHNCXR_0431_1.png,CHNCXR_0431_1_mask.png
MCUCXR_0331_1.png,MCUCXR_0331_1.png
CHNCXR_0317_0.png,CHNCXR_0317_0_mask.png
CHNCXR_0228_0.png,CHNCXR_0228_0_mask.png
CHNCXR_0593_1.png,CHNCXR_0593_1_mask.png
MCUCXR_0042_0.png,MCUCXR_0042_0.png
CHNCXR_0469_1.png,CHNCXR_0469_1_mask.png
CHNCXR_0425_1.png,CHNCXR_0425_1_mask.png
CHNCXR_0332_1.png,CHNCXR_0332_1_mask.png
MCUCXR_0075_0.png,MCUCXR_0075_0.png
CHNCXR_0541_1.png,CHNCXR_0541_1_mask.png
MCUCXR_0253_1.png,MCUCXR_0253_1.png
CHNCXR_0376_1.png,CHNCXR_0376_1_mask.png
CHNCXR_0647_1.png,CHNCXR_0647_1_mask.png
CHNCXR_0170_0.png,CHNCXR_0170_0_mask.png
CHNCXR_0363_1.png,CHNCXR_0363_1_mask.png
CHNCXR_0589_1.png,CHNCXR_0589_1_mask.png
CHNCXR_0020_0.png,CHNCXR_0020_0_mask.png
CHNCXR_0568_1.png,CHNCXR_0568_1_mask.png
CHNCXR_0616_1.png,CHNCXR_0616_1_mask.png
CHNCXR_0544_1.png,CHNCXR_0544_1_mask.png
MCUCXR_0166_1.png,MCUCXR_0166_1.png
CHNCXR_0012_0.png,CHNCXR_0012_0_mask.png
MCUCXR_0090_0.png,MCUCXR_0090_0.png
CHNCXR_0660_1.png,CHNCXR_0660_1_mask.png
CHNCXR_0046_0.png,CHNCXR_0046_0_mask.png
CHNCXR_0399_1.png,CHNCXR_0399_1_mask.png
CHNCXR_0394_1.png,CHNCXR_0394_1_mask.png
CHNCXR_0130_0.png,CHNCXR_0130_0_mask.png
CHNCXR_0142_0.png,CHNCXR_0142_0_mask.png
CHNCXR_0446_1.png,CHNCXR_0446_1_mask.png
CHNCXR_0628_1.png,CHNCXR_0628_1_mask.png
CHNCXR_0155_0.png,CHNCXR_0155_0_mask.png
CHNCXR_0410_1.png,CHNCXR_0410_1_mask.png
CHNCXR_0585_1.png,CHNCXR_0585_1_mask.png
CHNCXR_0131_0.png,CHNCXR_0131_0_mask.png
CHNCXR_0590_1.png,CHNCXR_0590_1_mask.png
MCUCXR_0173_1.png,MCUCXR_0173_1.png
CHNCXR_0302_0.png,CHNCXR_0302_0_mask.png
CHNCXR_0424_1.png,CHNCXR_0424_1_mask.png
MCUCXR_0096_0.png,MCUCXR_0096_0.png
CHNCXR_0557_1.png,CHNCXR_0557_1_mask.png
